Date,Open,High,Low,Close,Volume,Dividends,Stock Splits,company_ticker
2021-11-29 00:00:00-05:00,222.10694670513084,227.9404779266983,221.1459024140203,226.71034240722656,2094300,0.0,0.0,ADP
2021-11-30 00:00:00-05:00,227.29660310220893,227.33505308980784,220.3963114299403,221.89553833007812,4374200,0.0,0.0,ADP
2021-12-01 00:00:00-05:00,220.95370268999864,223.18331788247835,215.80250455849682,218.03211975097656,2391600,0.0,0.0,ADP
2021-12-02 00:00:00-05:00,219.49292128682077,224.98049104707042,219.49292128682077,223.3755340576172,2121700,0.0,0.0,ADP
2021-12-03 00:00:00-05:00,223.15445797468433,224.0674470222675,218.8874194249847,220.9344482421875,1561700,0.0,0.0,ADP
2021-12-06 00:00:00-05:00,223.32747557719284,224.23085955113467,221.69368856166128,223.15447998046875,2289600,0.0,0.0,ADP
2021-12-07 00:00:00-05:00,225.79737181955048,226.94101696625617,224.15399415874722,225.97036743164062,1753400,0.0,0.0,ADP
2021-12-08 00:00:00-05:00,224.1828092542862,226.47008472964666,223.15448480848286,225.1726837158203,1045700,0.0,0.0,ADP
2021-12-09 00:00:00-05:00,225.17266059990155,225.80013335285545,223.5605627702098,224.6707000732422,1326200,1.04,0.0,ADP
2021-12-10 00:00:00-05:00,225.92561648558777,228.64785162272125,225.3560758507134,228.52235412597656,1276100,0.0,0.0,ADP
2021-12-13 00:00:00-05:00,228.1459004734301,229.0629602710187,226.64963726170404,226.87167358398438,1638900,0.0,0.0,ADP
2021-12-14 00:00:00-05:00,225.74223103343334,226.56275198549022,219.78613712567244,221.7554168701172,1501300,0.0,0.0,ADP
2021-12-15 00:00:00-05:00,221.49479156430294,225.94495995777413,221.4465221562664,225.809814453125,1536400,0.0,0.0,ADP
2021-12-16 00:00:00-05:00,225.80979289395293,226.4179549716874,223.02964022974263,223.8115692138672,1597200,0.0,0.0,ADP
2021-12-17 00:00:00-05:00,222.1704956354407,224.7768960967315,220.7997300244805,221.45616149902344,2452100,0.0,0.0,ADP
2021-12-20 00:00:00-05:00,218.6277603067368,221.6588935055789,217.34387066079583,221.4079132080078,1137800,0.0,0.0,ADP
2021-12-21 00:00:00-05:00,223.21304292661785,224.13010262261855,221.31134342755962,223.9080810546875,1105400,0.0,0.0,ADP
2021-12-22 00:00:00-05:00,223.7922362465265,229.5166304636551,223.62813207499732,229.38148498535156,1340600,0.0,0.0,ADP
2021-12-23 00:00:00-05:00,229.67110503689108,235.3086236257333,229.62283563439942,233.60964965820312,1532500,0.0,0.0,ADP
2021-12-27 00:00:00-05:00,234.6715278385934,238.1563667421709,234.1019724319335,237.75091552734375,1020700,0.0,0.0,ADP
2021-12-28 00:00:00-05:00,237.73163712166183,238.3494472488329,236.92074936182362,237.53857421875,924400,0.0,0.0,ADP
2021-12-29 00:00:00-05:00,238.9575642760763,240.32834459091012,236.21603310591553,239.41127014160156,936800,0.0,0.0,ADP
2021-12-30 00:00:00-05:00,239.64297201519665,239.7202001181598,236.85317123832874,237.04623413085938,753300,0.0,0.0,ADP
2021-12-31 00:00:00-05:00,236.94005704340407,239.16031722290782,236.10987331471154,238.0308837890625,884200,0.0,0.0,ADP
2022-01-03 00:00:00-05:00,236.56355581458348,238.8900025684991,233.05940633585388,235.54995727539062,1397000,0.0,0.0,ADP
2022-01-04 00:00:00-05:00,234.74875192424963,238.4749232911308,234.74875192424963,236.65045166015625,2124400,0.0,0.0,ADP
2022-01-05 00:00:00-05:00,236.10020850514266,237.94399074201218,234.4108824695275,234.63290405273438,2181200,0.0,0.0,ADP
2022-01-06 00:00:00-05:00,234.05372229365145,236.20640226674658,232.2871681053229,233.02081298828125,1946500,0.0,0.0,ADP
2022-01-07 00:00:00-05:00,232.43196033885593,232.87601824572215,230.45303256065014,230.55921936035156,1462000,0.0,0.0,ADP
2022-01-10 00:00:00-05:00,228.14587313041716,229.67109485707857,223.88876831705394,224.81549072265625,1929300,0.0,0.0,ADP
2022-01-11 00:00:00-05:00,225.55880642191073,227.2577803757291,222.12223710069088,227.1226348876953,1293000,0.0,0.0,ADP
2022-01-12 00:00:00-05:00,226.97784278709628,227.94317191597636,225.12441262721694,226.49517822265625,1202500,0.0,0.0,ADP
2022-01-13 00:00:00-05:00,226.71720070492879,227.8659447296521,223.2902793377447,223.88877868652344,1110600,0.0,0.0,ADP
2022-01-14 00:00:00-05:00,221.96779008115655,223.31924501735858,219.0621398736911,220.8190460205078,1562900,0.0,0.0,ADP
2022-01-18 00:00:00-05:00,218.16439464980124,219.92130082744012,215.0367228043226,218.58914184570312,1939500,0.0,0.0,ADP
2022-01-19 00:00:00-05:00,219.7475304820219,221.49477391351854,216.93841907736225,217.0349578857422,1613900,0.0,0.0,ADP
2022-01-20 00:00:00-05:00,218.74358994191982,220.4618746400136,212.11176870581247,212.67166137695312,2051800,0.0,0.0,ADP
2022-01-21 00:00:00-05:00,212.92267893387168,214.0424496650035,209.3123422498757,209.60194396972656,2164400,0.0,0.0,ADP
2022-01-24 00:00:00-05:00,208.39525409550308,211.7642432803894,203.71340199504786,210.67343139648438,2981600,0.0,0.0,ADP
2022-01-25 00:00:00-05:00,205.70198988967752,211.10783914907174,205.36413351706176,209.360595703125,2487300,0.0,0.0,ADP
2022-01-26 00:00:00-05:00,198.36549901756047,201.04911296656968,189.72579105025463,190.61390686035156,5686900,0.0,0.0,ADP
2022-01-27 00:00:00-05:00,191.3765089922526,193.62572773814315,187.81444197883917,189.60995483398438,3526600,0.0,0.0,ADP
2022-01-28 00:00:00-05:00,190.11192631872538,192.38044099722632,186.00927740617158,192.36114501953125,2261800,0.0,0.0,ADP
2022-01-31 00:00:00-05:00,192.4287116751046,200.17065568097567,191.22205022224614,199.02191162109375,3113300,0.0,0.0,ADP
2022-02-01 00:00:00-05:00,199.32116075165223,200.07411631776662,195.5563829210803,198.4330596923828,2122700,0.0,0.0,ADP
2022-02-02 00:00:00-05:00,198.43307345263395,201.0973915449522,198.10486505074851,200.6919403076172,2149900,0.0,0.0,ADP
2022-02-03 00:00:00-05:00,197.24570858132296,200.45059372575463,196.79200269877552,198.01797485351562,1938000,0.0,0.0,ADP
2022-02-04 00:00:00-05:00,196.82097406309435,200.14170893642714,194.2531948029295,199.09915161132812,2016400,0.0,0.0,ADP
2022-02-07 00:00:00-05:00,199.71693874197294,200.7691439354849,198.12415160426227,198.83848571777344,1581900,0.0,0.0,ADP
2022-02-08 00:00:00-05:00,197.61253500099133,201.65725173013476,196.9271448295615,201.1842498779297,1503800,0.0,0.0,ADP
2022-02-09 00:00:00-05:00,203.17281826469733,204.06091927528732,202.01442628261273,203.83889770507812,2078700,0.0,0.0,ADP
2022-02-10 00:00:00-05:00,200.0644767376212,201.08772333305288,197.10090902278168,198.41375732421875,2270600,0.0,0.0,ADP
2022-02-11 00:00:00-05:00,199.24393600774312,200.20926518361347,196.6279021897968,196.72442626953125,2678700,0.0,0.0,ADP
2022-02-14 00:00:00-05:00,197.29397159307905,197.6028692540958,192.76657563290755,194.9771728515625,1899600,0.0,0.0,ADP
2022-02-15 00:00:00-05:00,197.39050006861982,197.70906045504628,195.52742188316813,196.9464569091797,1412000,0.0,0.0,ADP
2022-02-16 00:00:00-05:00,196.35758858529312,198.11447982357154,194.35935035108773,197.1588134765625,1833900,0.0,0.0,ADP
2022-02-17 00:00:00-05:00,195.87494116448116,196.6665034072124,193.05618181688885,193.5098876953125,1600700,0.0,0.0,ADP
2022-02-18 00:00:00-05:00,193.1141031063337,195.0737201400282,192.2935674211987,193.50022888183594,2744400,0.0,0.0,ADP
2022-02-22 00:00:00-05:00,193.50021801643547,195.43087624504497,191.56955978782597,192.9692840576172,1690200,0.0,0.0,ADP
2022-02-23 00:00:00-05:00,194.02152568107442,195.0737309981767,189.08869276622906,189.48446655273438,1646700,0.0,0.0,ADP
2022-02-24 00:00:00-05:00,186.7912001019996,193.75123011144007,185.59418659191596,193.27821350097656,1965400,0.0,0.0,ADP
2022-02-25 00:00:00-05:00,194.06011048794056,197.44841037325497,192.89207050939132,197.274658203125,1336400,0.0,0.0,ADP
2022-02-28 00:00:00-05:00,196.37690630302689,197.7669826668542,194.21457838574372,197.35189819335938,2234600,0.0,0.0,ADP
2022-03-01 00:00:00-05:00,196.48308127606637,197.45807310772054,194.1759452840459,195.2957305908203,1503200,0.0,0.0,ADP
2022-03-02 00:00:00-05:00,195.9135302963385,200.14167630378012,195.20884420501574,199.13772583007812,1674600,0.0,0.0,ADP
2022-03-03 00:00:00-05:00,201.61866313804612,202.3426600590058,196.8982038025791,197.60289001464844,2192200,0.0,0.0,ADP
2022-03-04 00:00:00-05:00,196.51208445487097,201.37733744235604,195.59500987441004,201.2325439453125,1492300,0.0,0.0,ADP
2022-03-07 00:00:00-05:00,200.5181787258399,204.4567235532681,199.31151724916782,201.16494750976562,2535500,0.0,0.0,ADP
2022-03-08 00:00:00-05:00,200.63400934946404,205.67302874983068,197.83456067359546,198.25930786132812,2326300,0.0,0.0,ADP
2022-03-09 00:00:00-05:00,203.03769703550495,203.81961134858216,198.92539985240208,202.42953491210938,1791600,0.0,0.0,ADP
2022-03-10 00:00:00-05:00,200.34372029198616,203.84592828081176,198.8885094623329,203.17652893066406,2399300,1.04,0.0,ADP
2022-03-11 00:00:00-05:00,204.34071232533742,206.00935528451348,200.52805220010444,201.08103942871094,1664800,0.0,0.0,ADP
2022-03-14 00:00:00-04:00,201.37206370943645,203.4578597908592,200.0526720830498,200.81907653808594,2064100,0.0,0.0,ADP
2022-03-15 00:00:00-04:00,203.72952809655462,206.52353779032205,202.39072931776255,205.97055053710938,2220200,0.0,0.0,ADP
2022-03-16 00:00:00-04:00,206.63023163336484,208.15334452963026,201.65340610222572,206.11605834960938,2086300,0.0,0.0,ADP
2022-03-17 00:00:00-04:00,205.39814928994747,207.61006846126253,205.0392020394352,207.53245544433594,1453700,0.0,0.0,ADP
2022-03-18 00:00:00-04:00,207.53248280562573,210.97648501956084,205.89294276442016,208.2794952392578,6168400,0.0,0.0,ADP
2022-03-21 00:00:00-04:00,207.85261819297395,208.8518618009666,204.07877194836485,206.18397521972656,2064500,0.0,0.0,ADP
2022-03-22 00:00:00-04:00,206.31008948368404,209.1137950344161,205.05859990522802,208.78395080566406,1893900,0.0,0.0,ADP
2022-03-23 00:00:00-04:00,209.33693660221203,209.3466326790297,206.1257735982418,206.22279357910156,1120200,0.0,0.0,ADP
2022-03-24 00:00:00-04:00,207.4548622651949,210.60781921388715,206.3586134538057,210.4720001220703,1153300,0.0,0.0,ADP
2022-03-25 00:00:00-04:00,211.20929889051325,212.52869058839025,210.06452538052298,212.49957275390625,1249800,0.0,0.0,ADP
2022-03-28 00:00:00-04:00,212.5480912768988,214.0809151347565,211.60705375148507,214.06150817871094,1202800,0.0,0.0,ADP
2022-03-29 00:00:00-04:00,216.20551837246575,218.70848270773183,215.37119692737704,218.2331085205078,1560800,0.0,0.0,ADP
2022-03-30 00:00:00-04:00,217.00102292708047,221.69651426224334,215.99208330656091,220.95919799804688,1628800,0.0,0.0,ADP
2022-03-31 00:00:00-04:00,222.336787849918,225.14050804499553,220.7360619809924,220.74575805664062,3306800,0.0,0.0,ADP
2022-04-01 00:00:00-04:00,221.45398587786255,226.91586706836208,220.30921233956536,226.52781677246094,1934800,0.0,0.0,ADP
2022-04-04 00:00:00-04:00,226.7800559655421,229.0792991993417,226.40170173261362,228.15765380859375,1962700,0.0,0.0,ADP
2022-04-05 00:00:00-04:00,227.91510932096242,233.44492222607417,227.54646598294616,230.89344787597656,2519300,0.0,0.0,ADP
2022-04-06 00:00:00-04:00,228.65242627204034,231.91209907900813,228.35168507310684,230.68971252441406,2308600,0.0,0.0,ADP
2022-04-07 00:00:00-04:00,229.51584153567916,232.4068560841839,229.48673850489857,231.37850952148438,2141700,0.0,0.0,ADP
2022-04-08 00:00:00-04:00,231.26211398804108,232.52328488745604,229.7001870770362,230.61212158203125,1469300,0.0,0.0,ADP
2022-04-11 00:00:00-04:00,230.63150029067248,231.5919447288498,223.69500153556683,224.06365966796875,2087400,0.0,0.0,ADP
2022-04-12 00:00:00-04:00,227.26512187498312,227.91511427271166,223.71441868175248,224.16067504882812,1703600,0.0,0.0,ADP
2022-04-13 00:00:00-04:00,224.92708564279198,227.17780395314009,224.85916870082244,226.76065063476562,1566200,0.0,0.0,ADP
2022-04-14 00:00:00-04:00,226.7606473620058,227.6628709277028,221.7935179016166,222.356201171875,2213600,0.0,0.0,ADP
2022-04-18 00:00:00-04:00,221.1920394520295,222.91888840034,218.5726629980999,220.41592407226562,2253000,0.0,0.0,ADP
2022-04-19 00:00:00-04:00,220.4159317338772,223.57859942579387,218.65997969306633,222.74427795410156,2263300,0.0,0.0,ADP
2022-04-20 00:00:00-04:00,224.8494769478764,226.1591577940844,224.1897736834764,225.67408752441406,1545700,0.0,0.0,ADP
2022-04-21 00:00:00-04:00,226.40169653913426,228.2255655191926,222.71517427339006,223.30694580078125,1343100,0.0,0.0,ADP
2022-04-22 00:00:00-04:00,223.70469561283235,225.26662241883054,216.63237784105763,216.84580993652344,1622300,0.0,0.0,ADP
2022-04-25 00:00:00-04:00,216.50624453727747,220.619645414072,215.0898477563975,220.28009033203125,1810300,0.0,0.0,ADP
2022-04-26 00:00:00-04:00,217.93238520618831,220.43534974681228,215.53613672438374,215.64285278320312,2175600,0.0,0.0,ADP
2022-04-27 00:00:00-04:00,218.28161038850484,225.8293022212405,216.8069926978818,221.19203186035156,2292300,0.0,0.0,ADP
2022-04-28 00:00:00-04:00,222.3755973160892,224.7718454353642,220.78456755459842,222.8218536376953,2248200,0.0,0.0,ADP
2022-04-29 00:00:00-04:00,221.851728200288,222.3174063106726,210.9861572785314,211.66525268554688,2621400,0.0,0.0,ADP
2022-05-02 00:00:00-04:00,213.22717739897774,215.40999355896153,208.70633384693122,212.77122497558594,2283200,0.0,0.0,ADP
2022-05-03 00:00:00-04:00,213.4018138215536,216.29282845949623,212.58689932814744,214.9249267578125,1957300,0.0,0.0,ADP
2022-05-04 00:00:00-04:00,215.19658637415583,222.56964575679984,213.73166465282893,222.0457763671875,1631500,0.0,0.0,ADP
2022-05-05 00:00:00-04:00,221.4733679368465,221.4733679368465,209.69586287464796,212.03390502929688,2103500,0.0,0.0,ADP
2022-05-06 00:00:00-04:00,210.6854237162209,211.68466730913437,207.52277081860026,210.46229553222656,1581600,0.0,0.0,ADP
2022-05-09 00:00:00-04:00,207.64888485070028,208.8033545184193,202.8952018928615,203.52578735351562,2602600,0.0,0.0,ADP
2022-05-10 00:00:00-04:00,206.31978193599386,208.4540881123667,203.09892311779547,205.9996337890625,2527400,0.0,0.0,ADP
2022-05-11 00:00:00-04:00,204.3504183078442,207.63919439664645,201.5661194831284,202.3034210205078,2111100,0.0,0.0,ADP
2022-05-12 00:00:00-04:00,201.14892518653087,202.63323894860278,198.2191115716735,201.2847442626953,1912600,0.0,0.0,ADP
2022-05-13 00:00:00-04:00,203.02134224258282,203.71013382880105,200.6929957516843,202.5556640625,2390800,0.0,0.0,ADP
2022-05-16 00:00:00-04:00,202.39069952410878,203.65188509206428,199.61609719587423,202.37130737304688,1941200,0.0,0.0,ADP
2022-05-17 00:00:00-04:00,205.4757797970179,209.14291004072237,204.56384527446812,208.5414276123047,1836500,0.0,0.0,ADP
2022-05-18 00:00:00-04:00,207.10558748337255,207.20260745355728,201.5951966104015,202.2742919921875,1628800,0.0,0.0,ADP
2022-05-19 00:00:00-04:00,201.86685274747674,203.29296057786414,199.4026873956743,200.673583984375,1617900,0.0,0.0,ADP
2022-05-20 00:00:00-04:00,202.62355783975542,203.60339447566304,197.549726858697,202.41012573242188,2651300,0.0,0.0,ADP
2022-05-23 00:00:00-04:00,204.98100266960688,206.72725872565212,203.46758568875796,206.6011505126953,1488200,0.0,0.0,ADP
2022-05-24 00:00:00-04:00,205.67950356421576,207.22203837078064,203.51609416808105,206.3780059814453,1863700,0.0,0.0,ADP
2022-05-25 00:00:00-04:00,205.844403426539,208.28916162242453,205.0294889623002,207.51304626464844,1339500,0.0,0.0,ADP
2022-05-26 00:00:00-04:00,208.58019336747384,213.34358645248676,208.16304008625966,211.7622528076172,1348300,0.0,0.0,ADP
2022-05-27 00:00:00-04:00,213.43093859685703,218.0003074774851,213.08168737793534,217.95179748535156,1464600,0.0,0.0,ADP
2022-05-31 00:00:00-04:00,217.4667147752189,218.50475749248832,214.71151909586084,216.28314208984375,3007200,0.0,0.0,ADP
2022-06-01 00:00:00-04:00,217.34057851404376,217.99057088308084,212.39285596347938,212.77122497558594,1398700,0.0,0.0,ADP
2022-06-02 00:00:00-04:00,213.07196112229298,217.18534733680266,211.07347407608586,217.03013610839844,1412200,0.0,0.0,ADP
2022-06-03 00:00:00-04:00,216.02119168803415,216.23462379051728,212.94584796083439,214.09060668945312,1445000,0.0,0.0,ADP
2022-06-06 00:00:00-04:00,215.84656523780646,217.5249041584141,212.5577895339632,212.95553588867188,1408700,0.0,0.0,ADP
2022-06-07 00:00:00-04:00,211.316033968899,216.08912397549443,211.316033968899,215.64285278320312,1081000,0.0,0.0,ADP
2022-06-08 00:00:00-04:00,214.28464334496107,215.18686692535684,212.05331718259643,213.4212188720703,1030700,0.0,0.0,ADP
2022-06-09 00:00:00-04:00,212.96306523886412,215.42917795227504,210.11680117482615,210.25326538085938,1080400,1.04,0.0,ADP
2022-06-10 00:00:00-04:00,207.57270829702202,208.81064316511961,205.14559383827904,206.2762908935547,1839000,0.0,0.0,ADP
2022-06-13 00:00:00-04:00,201.6560005166234,203.66398030652786,198.94620052608465,199.5895233154297,1796100,0.0,0.0,ADP
2022-06-14 00:00:00-04:00,200.33036401275493,200.33036401275493,196.88950217098687,198.9754638671875,1780400,0.0,0.0,ADP
2022-06-15 00:00:00-04:00,200.77872007392511,204.83367797326395,198.5173109704179,201.91917419433594,1784500,0.0,0.0,ADP
2022-06-16 00:00:00-04:00,198.43931962216968,199.99890844117718,193.536335407186,194.8912353515625,1796000,0.0,0.0,ADP
2022-06-17 00:00:00-04:00,194.40387096278823,196.3923516422288,191.645330529304,195.22265625,3328300,0.0,0.0,ADP
2022-06-21 00:00:00-04:00,198.2931079745866,202.19210252040304,197.78624939253885,201.61700439453125,1769300,0.0,0.0,ADP
2022-06-22 00:00:00-04:00,199.34583414971326,204.4827635217942,198.82921857299272,202.16285705566406,1505600,0.0,0.0,ADP
2022-06-23 00:00:00-04:00,204.21960022490867,205.83768667966632,202.93293964083185,205.26258850097656,1357600,0.0,0.0,ADP
2022-06-24 00:00:00-04:00,206.73443076613444,213.32374094106382,206.61746569152078,213.26524353027344,1912000,0.0,0.0,ADP
2022-06-27 00:00:00-04:00,212.7583798818034,214.9320650829193,210.52619727129277,212.79736328125,1619000,0.0,0.0,ADP
2022-06-28 00:00:00-04:00,213.19704147234106,214.83461218454286,208.50850250353136,208.6547088623047,1412800,0.0,0.0,ADP
2022-06-29 00:00:00-04:00,208.71315145326275,210.28249718878942,204.86289771658022,206.83189392089844,1534700,0.0,0.0,ADP
2022-06-30 00:00:00-04:00,205.01889150083423,207.67020909839408,203.89792159555483,204.7362060546875,2227000,0.0,0.0,ADP
2022-07-01 00:00:00-04:00,204.6387257050528,208.12832751609048,203.8199404417211,207.84564208984375,1552900,0.0,0.0,ADP
2022-07-05 00:00:00-04:00,205.3210595203676,207.14383477611858,200.41807489378226,207.11459350585938,1455600,0.0,0.0,ADP
2022-07-06 00:00:00-04:00,208.56697861444147,213.32375698629411,207.99188045635665,211.77389526367188,1351300,0.0,0.0,ADP
2022-07-07 00:00:00-04:00,211.86162495113817,212.8071323311788,210.29227903025995,211.05258178710938,1710100,0.0,0.0,ADP
2022-07-08 00:00:00-04:00,209.66842771504025,212.34898633826447,209.28827635977686,211.78363037109375,1153300,0.0,0.0,ADP
2022-07-11 00:00:00-04:00,211.41324249456315,211.93960024212134,208.83990655136668,209.4637451171875,1136700,0.0,0.0,ADP
2022-07-12 00:00:00-04:00,210.31176129625337,211.77388425683947,205.9643906892616,206.92938232421875,1262500,0.0,0.0,ADP
2022-07-13 00:00:00-04:00,203.7907065653562,207.67020201199136,202.84519918882563,205.74020385742188,1079100,0.0,0.0,ADP
2022-07-14 00:00:00-04:00,203.3423173964486,206.44201097827684,201.6462493832789,205.86691284179688,954200,0.0,0.0,ADP
2022-07-15 00:00:00-04:00,207.95287115394842,209.60019873424423,207.60196104883522,208.72293090820312,1139500,0.0,0.0,ADP
2022-07-18 00:00:00-04:00,208.86914105401178,210.165558552776,205.18459232004363,205.97413635253906,1237000,0.0,0.0,ADP
2022-07-19 00:00:00-04:00,208.83988815471236,213.85009537828046,207.83589828368386,213.42120361328125,1702600,0.0,0.0,ADP
2022-07-20 00:00:00-04:00,212.94358432598227,213.5284245581177,209.22977969022543,210.5944366455078,2229600,0.0,0.0,ADP
2022-07-21 00:00:00-04:00,210.2922659991194,212.8656016797985,209.29801827350974,212.58291625976562,2369000,0.0,0.0,ADP
2022-07-22 00:00:00-04:00,213.57717114767814,216.7548463007405,213.24576018585546,214.77610778808594,1647800,0.0,0.0,ADP
2022-07-25 00:00:00-04:00,215.41945255898787,215.6338984527715,211.3742515938123,212.86561584472656,872700,0.0,0.0,ADP
2022-07-26 00:00:00-04:00,212.64143139896152,214.44472251495873,210.89663770101427,212.40750122070312,1559500,0.0,0.0,ADP
2022-07-27 00:00:00-04:00,214.38621103411973,228.76375298943412,213.07029446508744,228.13015747070312,2880100,0.0,0.0,ADP
2022-07-28 00:00:00-04:00,229.06594552087185,234.2028753573412,227.1456893834351,233.4328155517578,1834700,0.0,0.0,ADP
2022-07-29 00:00:00-04:00,233.70571341097136,235.9281389761193,231.80495666097417,235.0313720703125,1815600,0.0,0.0,ADP
2022-08-01 00:00:00-04:00,234.04689647855676,236.38628726449568,233.51078175201295,235.22634887695312,1214400,0.0,0.0,ADP
2022-08-02 00:00:00-04:00,235.65523450189409,236.46427768760884,232.6725059337676,234.5440216064453,1127300,0.0,0.0,ADP
2022-08-03 00:00:00-04:00,235.13860446211118,239.36902475920087,233.9981503662625,238.1505889892578,1247800,0.0,0.0,ADP
2022-08-04 00:00:00-04:00,238.5112548111794,238.80368238732885,236.17184907546834,237.8289337158203,1195400,0.0,0.0,ADP
2022-08-05 00:00:00-04:00,234.99239844618012,241.1918002472181,234.99239844618012,240.95785522460938,1168800,0.0,0.0,ADP
2022-08-08 00:00:00-04:00,243.3167662251558,245.03233345964566,241.02611569962735,242.332275390625,1094000,0.0,0.0,ADP
2022-08-09 00:00:00-04:00,242.45898681869085,245.21752730875858,241.11382890961957,243.49221801757812,1070400,0.0,0.0,ADP
2022-08-10 00:00:00-04:00,248.51216003343447,248.56090043958997,244.6716480547281,246.09478759765625,1608900,0.0,0.0,ADP
2022-08-11 00:00:00-04:00,246.2702517505383,246.9038473261429,243.6676745206768,243.91136169433594,1577400,0.0,0.0,ADP
2022-08-12 00:00:00-04:00,245.44171531532427,250.66636872259787,244.66191341341337,250.29595947265625,1258400,0.0,0.0,ADP
2022-08-15 00:00:00-04:00,249.01905255391034,253.3566961846822,248.59990287705708,253.1519775390625,1069000,0.0,0.0,ADP
2022-08-16 00:00:00-04:00,251.7093705415859,254.06824576569406,251.21223917956803,253.47366333007812,1100900,0.0,0.0,ADP
2022-08-17 00:00:00-04:00,251.9335384785547,254.93578110670873,251.41692286193313,254.10723876953125,1186600,0.0,0.0,ADP
2022-08-18 00:00:00-04:00,253.7953077468443,254.98450232020716,252.99600669408244,254.35092163085938,1048900,0.0,0.0,ADP
2022-08-19 00:00:00-04:00,252.75229748616135,253.77580135383278,252.16747212973908,253.25918579101562,2210100,0.0,0.0,ADP
2022-08-22 00:00:00-04:00,252.45990363120845,252.45990363120845,248.9995429040375,249.90606689453125,1373400,0.0,0.0,ADP
2022-08-23 00:00:00-04:00,249.68184148801387,250.57862326550338,248.5608865763763,249.3114471435547,1052500,0.0,0.0,ADP
2022-08-24 00:00:00-04:00,249.7208599333044,250.84181493549585,248.80459381920787,249.67213439941406,864300,0.0,0.0,ADP
2022-08-25 00:00:00-04:00,250.198470385614,251.83604093935182,249.2919613019699,251.68983459472656,942600,0.0,0.0,ADP
2022-08-26 00:00:00-04:00,251.9725331131506,252.24546155294954,243.88211611586513,244.15504455566406,1718800,0.0,0.0,ADP
2022-08-29 00:00:00-04:00,242.67341013708804,244.58390900203233,241.27951195004263,242.59542846679688,1177900,0.0,0.0,ADP
2022-08-30 00:00:00-04:00,242.49798534207594,242.6149504289464,237.96540974402407,239.38853454589844,1254400,0.0,0.0,ADP
2022-08-31 00:00:00-04:00,241.9033766868357,242.0788391824003,237.40978470391903,238.2383270263672,2088300,0.0,0.0,ADP
2022-09-01 00:00:00-04:00,236.95165246552918,239.8856555041028,236.01590206419482,239.7491912841797,1298200,0.0,0.0,ADP
2022-09-02 00:00:00-04:00,239.08634737505096,240.76291624077638,231.1031535620467,232.4580535888672,2449100,0.0,0.0,ADP
2022-09-06 00:00:00-04:00,232.37033511700258,234.35881586178544,230.75224875328175,232.12664794921875,2179500,0.0,0.0,ADP
2022-09-07 00:00:00-04:00,231.08368121287825,236.18161274410946,230.78149662245883,235.6162567138672,2055800,0.0,0.0,ADP
2022-09-08 00:00:00-04:00,231.710203190632,236.97701637118314,230.8193453965696,236.84974670410156,1702700,1.04,0.0,ADP
2022-09-09 00:00:00-04:00,238.05384968692564,239.92366803666042,236.03719322082574,239.1600799560547,2076100,0.0,0.0,ADP
2022-09-12 00:00:00-04:00,239.92367414494913,240.57957597766807,238.19090963895803,238.81744384765625,1651200,0.0,0.0,ADP
2022-09-13 00:00:00-04:00,234.8918038437605,236.02740170108225,229.29214813379787,230.11447143554688,2602600,0.0,0.0,ADP
2022-09-14 00:00:00-04:00,231.03471628367527,231.7297849264626,227.74540786110936,229.54669189453125,2532200,0.0,0.0,ADP
2022-09-15 00:00:00-04:00,228.63624727988997,229.82078122086574,224.75955679634882,225.8560028076172,2096500,0.0,0.0,ADP
2022-09-16 00:00:00-04:00,225.0826304282666,229.35089945167567,223.4379837095101,228.724365234375,2719700,0.0,0.0,ADP
2022-09-19 00:00:00-04:00,225.96370366418665,230.8585068981799,225.9539044975561,230.76060485839844,1471700,0.0,0.0,ADP
2022-09-20 00:00:00-04:00,229.53690602072194,229.75227855988717,226.75666134500332,228.62646484375,1746600,0.0,0.0,ADP
2022-09-21 00:00:00-04:00,230.65290563998965,232.10176313333605,225.49377913844305,225.5720977783203,1430500,0.0,0.0,ADP
2022-09-22 00:00:00-04:00,225.0141276244681,227.59858332956534,224.03516690378345,225.62107849121094,1628300,0.0,0.0,ADP
2022-09-23 00:00:00-04:00,225.3958914839958,226.02242566370987,222.89953899344252,225.43504333496094,1952500,0.0,0.0,ADP
2022-09-26 00:00:00-04:00,225.1315787652143,227.5104459417271,223.02681937189422,223.82955932617188,1686600,0.0,0.0,ADP
2022-09-27 00:00:00-04:00,225.56231737379906,227.0699101381723,220.78498482457147,222.8310089111328,1872700,0.0,0.0,ADP
2022-09-28 00:00:00-04:00,224.40714165546999,228.43067045345282,222.35133328941362,227.06991577148438,2337900,0.0,0.0,ADP
2022-09-29 00:00:00-04:00,225.95389959486823,225.9734829899504,220.5891995493846,222.95828247070312,2020500,0.0,0.0,ADP
2022-09-30 00:00:00-04:00,222.97786615026737,224.85746876120524,221.18636641068122,221.4311065673828,2875300,0.0,0.0,ADP
2022-10-03 00:00:00-04:00,223.545661280469,228.557934823854,222.89954369277388,227.3636016845703,1784200,0.0,0.0,ADP
2022-10-04 00:00:00-04:00,230.02636835920435,232.95346586694356,229.4781528252037,231.6416473388672,1941000,0.0,0.0,ADP
2022-10-05 00:00:00-04:00,230.4767057688776,236.05679359620945,229.12575018787751,234.0205535888672,1659100,0.0,0.0,ADP
2022-10-06 00:00:00-04:00,234.3436131871552,235.9001570887983,229.6641823152284,229.9480743408203,1497700,0.0,0.0,ADP
2022-10-07 00:00:00-04:00,227.069903612158,227.82370744155693,221.15698827978014,222.34152221679688,2068400,0.0,0.0,ADP
2022-10-10 00:00:00-04:00,223.06597040367035,225.45463673791807,221.41152454407646,223.87850952148438,1081300,0.0,0.0,ADP
2022-10-11 00:00:00-04:00,223.37923341600384,223.87851290647987,220.37383199527847,221.50942993164062,1449600,0.0,0.0,ADP
2022-10-12 00:00:00-04:00,222.47857147326488,222.63520874791516,219.30674881923682,219.3948516845703,1215200,0.0,0.0,ADP
2022-10-13 00:00:00-04:00,214.96018309270147,226.4433874293534,214.1965949744231,225.06304931640625,1919300,0.0,0.0,ADP
2022-10-14 00:00:00-04:00,227.70623092062368,228.30339745629703,220.67728637264474,221.156982421875,2166300,0.0,0.0,ADP
2022-10-17 00:00:00-04:00,225.48402078326788,228.64605967515524,225.0434914539438,228.17616271972656,2123100,0.0,0.0,ADP
2022-10-18 00:00:00-04:00,231.76894572884737,234.22613170829644,227.87268632535404,230.07534790039062,1619100,0.0,0.0,ADP
2022-10-19 00:00:00-04:00,226.37485770314672,229.2627885261841,225.3763136945419,228.33277893066406,1631000,0.0,0.0,ADP
2022-10-20 00:00:00-04:00,228.68521402571548,229.76206177905482,224.0645185584396,224.65188598632812,1314300,0.0,0.0,ADP
2022-10-21 00:00:00-04:00,224.12323902078404,228.26423811832169,222.6352147470158,227.84329223632812,2112100,0.0,0.0,ADP
2022-10-24 00:00:00-04:00,230.3494252519726,233.3646256019803,228.53834222124385,231.92555236816406,1731700,0.0,0.0,ADP
2022-10-25 00:00:00-04:00,230.3690237695104,233.38420937970992,230.3690237695104,232.75767517089844,2216200,0.0,0.0,ADP
2022-10-26 00:00:00-04:00,240.85367513227993,241.1179986767513,228.9593098218604,230.1927947998047,2942400,0.0,0.0,ADP
2022-10-27 00:00:00-04:00,230.3788241558616,233.24717184710227,228.79291259621343,230.02639770507812,1806100,0.0,0.0,ADP
2022-10-28 00:00:00-04:00,231.08365677704623,238.10280261286013,230.61375986315903,237.53500366210938,1589200,0.0,0.0,ADP
2022-10-31 00:00:00-04:00,235.52812973597457,237.29026182273083,234.4219144035901,236.61477661132812,1711400,0.0,0.0,ADP
2022-11-01 00:00:00-04:00,237.24131001480782,239.16986360642684,235.81203589313034,238.5139617919922,1522600,0.0,0.0,ADP
2022-11-02 00:00:00-04:00,238.5139807510881,242.53750976487945,232.3465254466099,232.44442749023438,1592400,0.0,0.0,ADP
2022-11-03 00:00:00-04:00,229.5956387537939,234.81350078137825,228.47962421660213,231.1326141357422,1987000,0.0,0.0,ADP
2022-11-04 00:00:00-04:00,233.79538685570424,234.5393915633697,227.1971867746507,231.87661743164062,1468600,0.0,0.0,ADP
2022-11-07 00:00:00-05:00,233.50169371721637,236.15466866013602,231.34798331814875,235.3519287109375,1250400,0.0,0.0,ADP
2022-11-08 00:00:00-05:00,235.87079160833355,243.22278103039895,235.06803667047242,239.884521484375,1724200,0.0,0.0,ADP
2022-11-09 00:00:00-05:00,238.52374597239694,240.43273110666541,234.96032995965098,235.3225555419922,1242900,0.0,0.0,ADP
2022-11-10 00:00:00-05:00,245.89533538034655,250.29087419233423,242.3710859100759,249.5175018310547,2672800,0.0,0.0,ADP
2022-11-11 00:00:00-05:00,248.86159343527356,250.57477457295366,242.22422648484206,243.98635864257812,2126800,0.0,0.0,ADP
2022-11-14 00:00:00-05:00,243.75140272828023,247.4420733981034,243.13465277638136,244.81846618652344,1556600,0.0,0.0,ADP
2022-11-15 00:00:00-05:00,245.41563946615017,249.5762220884066,243.66329159657548,247.9903106689453,1517300,0.0,0.0,ADP
2022-11-16 00:00:00-05:00,249.29232486182747,251.3187805881342,247.72599677622122,248.28399658203125,1430800,0.0,0.0,ADP
2022-11-17 00:00:00-05:00,245.66038153257912,249.63495927850212,244.49541599923884,248.21546936035156,1116700,0.0,0.0,ADP
2022-11-18 00:00:00-05:00,251.0054936975159,252.39563090488835,248.47978847629835,250.63348388671875,1806600,0.0,0.0,ADP
2022-11-21 00:00:00-05:00,252.4739282997989,254.950697378976,250.76074728009718,252.1802520751953,1243600,0.0,0.0,ADP
2022-11-22 00:00:00-05:00,254.36332293617176,257.0163277078252,252.63057340630607,256.45831298828125,1267400,0.0,0.0,ADP
2022-11-23 00:00:00-05:00,256.4484996729482,258.44558757846875,254.76468631643186,257.0554504394531,1386300,0.0,0.0,ADP
2022-11-25 00:00:00-05:00,258.0540557656356,259.3658595657007,256.4485458197134,258.3966979980469,594700,0.0,0.0,ADP
2022-11-28 00:00:00-05:00,257.946322554106,258.78824421718576,252.18026007444294,252.89488220214844,1465700,0.0,0.0,ADP
2022-11-29 00:00:00-05:00,251.73971419772315,253.26689035510475,250.05590075810923,251.651611328125,1131700,0.0,0.0,ADP
2022-11-30 00:00:00-05:00,251.67121236873547,259.3756584412722,249.28256072532633,258.58270263671875,4155500,0.0,0.0,ADP
2022-12-01 00:00:00-05:00,261.4412107414353,263.7319749191532,258.35749088202687,262.3125,1449900,0.0,0.0,ADP
2022-12-02 00:00:00-05:00,257.57431507186175,265.1808582297831,257.57431507186175,264.2214660644531,1807000,0.0,0.0,ADP
2022-12-05 00:00:00-05:00,260.9419518296961,261.3824960766579,257.91696697701605,258.8274230957031,1256000,0.0,0.0,ADP
2022-12-06 00:00:00-05:00,258.7197064391904,259.10151541382646,251.64181053872522,253.09068298339844,1371300,0.0,0.0,ADP
2022-12-07 00:00:00-05:00,253.77600400157164,254.34378808692549,251.9159546906466,253.76620483398438,1265500,0.0,0.0,ADP
2022-12-08 00:00:00-05:00,254.1596552288081,256.7664654150429,253.99244232229196,255.81227111816406,1197200,1.25,0.0,ADP
2022-12-09 00:00:00-05:00,255.93033065341552,256.13690012629394,252.76280198144636,253.00872802734375,1991400,0.0,0.0,ADP
2022-12-12 00:00:00-05:00,254.4449478633897,260.66196600047965,252.68410882975758,260.12091064453125,1277600,0.0,0.0,ADP
2022-12-13 00:00:00-05:00,269.4267502743996,270.4399643714844,256.8451654997107,257.92724609375,2086100,0.0,0.0,ADP
2022-12-14 00:00:00-05:00,258.21251240077413,261.134115149688,254.46460170533433,255.84178161621094,1863100,0.0,0.0,ADP
2022-12-15 00:00:00-05:00,252.77262513602503,253.5005866644602,244.03734196709843,244.7357635498047,1843200,0.0,0.0,ADP
2022-12-16 00:00:00-05:00,242.23715778822975,243.87994199110025,240.45665559859572,243.0241241455078,4051700,0.0,0.0,ADP
2022-12-19 00:00:00-05:00,241.312469623724,243.07330850889622,239.68936373326957,241.06654357910156,1810400,0.0,0.0,ADP
2022-12-20 00:00:00-05:00,240.88948172037584,241.31246730820314,237.70227480900323,239.93528747558594,1445900,0.0,0.0,ADP
2022-12-21 00:00:00-05:00,241.91253831101224,243.52581262026874,240.1517143738285,243.0142822265625,1341300,0.0,0.0,ADP
2022-12-22 00:00:00-05:00,240.49600934351614,240.72227212690856,232.88214810229027,235.26271057128906,2369700,0.0,0.0,ADP
2022-12-23 00:00:00-05:00,234.04288124479643,237.71209339099073,232.73455297060127,237.013671875,1049600,0.0,0.0,ADP
2022-12-27 00:00:00-05:00,237.43665916825103,238.2433037533059,235.4397410010287,237.10220336914062,926700,0.0,0.0,ADP
2022-12-28 00:00:00-05:00,237.4170094236648,238.784357631021,233.84615845338968,233.9740447998047,1045300,0.0,0.0,ADP
2022-12-29 00:00:00-05:00,234.29865768087004,237.88918699441976,234.29865768087004,236.6988983154297,975200,0.0,0.0,ADP
2022-12-30 00:00:00-05:00,235.79388296104352,236.28573503856347,232.20336879920146,234.9675750732422,1042600,0.0,0.0,ADP
2023-01-03 00:00:00-05:00,236.86613924031005,237.57440749958775,231.43610259936182,233.7871551513672,1749800,0.0,0.0,ADP
2023-01-04 00:00:00-05:00,236.25623372296778,237.4366757499995,233.05919510260054,234.88888549804688,1368100,0.0,0.0,ADP
2023-01-05 00:00:00-05:00,233.62976086879286,234.18063285069334,228.39644702046672,229.8228302001953,1575000,0.0,0.0,ADP
2023-01-06 00:00:00-05:00,232.1345076576049,238.5580947373632,231.2196699771817,236.24639892578125,1771700,0.0,0.0,ADP
2023-01-09 00:00:00-05:00,237.19074367761522,239.55164268184637,235.3708999767881,235.6069793701172,1963500,0.0,0.0,ADP
2023-01-10 00:00:00-05:00,235.11513211240214,237.0825404845711,233.59040263207893,236.85629272460938,969400,0.0,0.0,ADP
2023-01-11 00:00:00-05:00,238.01707454707335,241.2239448315258,237.5448857243503,241.0567169189453,1364100,0.0,0.0,ADP
2023-01-12 00:00:00-05:00,240.37794795277176,241.9223556710869,238.62695575741614,240.27957153320312,1170000,0.0,0.0,ADP
2023-01-13 00:00:00-05:00,239.82710282526625,242.65032926276396,238.72534384149927,241.36167907714844,1712800,0.0,0.0,ADP
2023-01-17 00:00:00-05:00,239.81723928012062,240.36812623826003,232.2919081866027,232.92147827148438,2972800,0.0,0.0,ADP
2023-01-18 00:00:00-05:00,233.81665358824404,234.0232230644701,230.39336717671247,230.43270874023438,2095700,0.0,0.0,ADP
2023-01-19 00:00:00-05:00,229.00633766207878,231.10161737282425,228.41610914601446,229.5178680419922,1646100,0.0,0.0,ADP
2023-01-20 00:00:00-05:00,228.71123306032817,233.83633869379548,228.47513864190748,233.3051300048828,1715600,0.0,0.0,ADP
2023-01-23 00:00:00-05:00,232.62636534215005,237.9186987488778,231.60331957716258,237.0333709716797,1654700,0.0,0.0,ADP
2023-01-24 00:00:00-05:00,237.09239045419312,237.09239045419312,234.25931755534003,235.2528533935547,1425400,0.0,0.0,ADP
2023-01-25 00:00:00-05:00,230.43270739014335,230.43270739014335,220.01528358057308,224.2943878173828,3694900,0.0,0.0,ADP
2023-01-26 00:00:00-05:00,223.11395586092183,225.12072091249334,221.45149329676897,221.75643920898438,3021300,0.0,0.0,ADP
2023-01-27 00:00:00-05:00,220.84159155387337,222.1991081448419,216.621507166056,217.20188903808594,4945200,0.0,0.0,ADP
2023-01-30 00:00:00-05:00,216.46410099041958,219.6611394746835,214.92952491959434,218.72662353515625,3594000,0.0,0.0,ADP
2023-01-31 00:00:00-05:00,220.08412731250525,222.83850196001086,219.35619584125752,222.13023376464844,2788700,0.0,0.0,ADP
2023-02-01 00:00:00-05:00,222.03188033170176,224.38293275600998,217.90031070694238,223.03524780273438,1981800,0.0,0.0,ADP
2023-02-02 00:00:00-05:00,223.16312817031584,225.41580411075265,220.91045222987904,225.2584228515625,2953500,0.0,0.0,ADP
2023-02-03 00:00:00-05:00,222.6417797322298,224.15667763894314,217.2117281906423,221.63839721679688,2328900,0.0,0.0,ADP
2023-02-06 00:00:00-05:00,219.98578067787363,222.34666481422605,219.16930436976682,219.82838439941406,1375800,0.0,0.0,ADP
2023-02-07 00:00:00-05:00,219.4152344922591,223.86158187526226,218.26430232869808,223.07461547851562,1995700,0.0,0.0,ADP
2023-02-08 00:00:00-05:00,221.18591104653314,223.26152765600963,219.3562205044821,220.330078125,1643600,0.0,0.0,ADP
2023-02-09 00:00:00-05:00,222.25811817596937,224.61900213322596,220.14314524621514,220.26119995117188,2699100,0.0,0.0,ADP
2023-02-10 00:00:00-05:00,219.3955327324593,223.0450816894826,219.3955327324593,222.14007568359375,2278200,0.0,0.0,ADP
2023-02-13 00:00:00-05:00,222.9663783830148,224.12714203423948,222.0318624754785,223.65496826171875,1720600,0.0,0.0,ADP
2023-02-14 00:00:00-05:00,223.13363288963217,223.65499493211746,219.48408358209971,220.9301300048828,1581400,0.0,0.0,ADP
2023-02-15 00:00:00-05:00,220.7038755947298,224.1861818690363,219.9660974424489,224.1370086669922,1732400,0.0,0.0,ADP
2023-02-16 00:00:00-05:00,222.31714751059639,225.09120053838092,221.35312160475988,223.7730255126953,1992900,0.0,0.0,ADP
2023-02-17 00:00:00-05:00,222.96639459452916,225.2092389397432,222.40567600315833,224.97314453125,1659500,0.0,0.0,ADP
2023-02-21 00:00:00-05:00,222.99591662845307,224.61902262084456,220.0152939812455,221.01866149902344,1896900,0.0,0.0,ADP
2023-02-22 00:00:00-05:00,222.12040611114304,222.78931774646534,218.3724955993645,219.2971649169922,1690700,0.0,0.0,ADP
2023-02-23 00:00:00-05:00,220.26121827136308,220.3890896146785,216.76906524443893,219.14962768554688,1435700,0.0,0.0,ADP
2023-02-24 00:00:00-05:00,216.109976918659,218.41184113164778,216.109976918659,217.96917724609375,1812800,0.0,0.0,ADP
2023-02-27 00:00:00-05:00,219.36602563228604,220.58582418294796,217.56584523507405,217.9888458251953,1254200,0.0,0.0,ADP
2023-02-28 00:00:00-05:00,217.31010326213274,218.64794160432075,215.82470028057875,216.2378692626953,2052400,0.0,0.0,ADP
2023-03-01 00:00:00-05:00,216.5624680422441,217.28058289702582,214.27045052425862,215.98208618164062,1387800,0.0,0.0,ADP
2023-03-02 00:00:00-05:00,216.23786212700165,219.6119602919074,215.77551995715527,218.92337036132812,2053100,0.0,0.0,ADP
2023-03-03 00:00:00-05:00,219.48406657706676,221.46132153795577,219.1201008424345,221.08750915527344,2013000,0.0,0.0,ADP
2023-03-06 00:00:00-05:00,221.1072077767451,222.7401454188827,220.75307364745856,221.84498596191406,2480600,0.0,0.0,ADP
2023-03-07 00:00:00-05:00,220.7432092065207,221.90398792956455,216.84774910847995,217.67405700683594,1923300,0.0,0.0,ADP
2023-03-08 00:00:00-05:00,218.22492737658715,219.03157199311224,216.65100972576892,218.35281372070312,1294000,0.0,0.0,ADP
2023-03-09 00:00:00-05:00,219.36189427280695,219.9950298142916,216.46331000817585,216.63148498535156,1772600,1.25,0.0,ADP
2023-03-10 00:00:00-05:00,215.61252503210792,216.59191290623326,211.04207847647268,211.2696075439453,1652700,0.0,0.0,ADP
2023-03-13 00:00:00-04:00,210.53755318655496,215.17724114784826,209.99344881301354,211.2597198486328,2236200,0.0,0.0,ADP
2023-03-14 00:00:00-04:00,212.75352163714146,214.2374344339356,208.45018358352343,211.29928588867188,2478600,0.0,0.0,ADP
2023-03-15 00:00:00-04:00,209.7955989110276,211.0222904981449,207.7873563674843,210.9629364013672,2538000,0.0,0.0,ADP
2023-03-16 00:00:00-04:00,210.75517136873842,214.18795734773903,209.53836716056261,213.48558044433594,2193600,0.0,0.0,ADP
2023-03-17 00:00:00-04:00,213.98022746535153,214.70239413027832,210.30012253633325,210.93325805664062,8927500,0.0,0.0,ADP
2023-03-20 00:00:00-04:00,211.6158690811251,214.01980065581893,210.30013120753458,213.55484008789062,2400300,0.0,0.0,ADP
2023-03-21 00:00:00-04:00,214.19786867906316,216.21598342775582,212.8722284502147,215.76092529296875,2230500,0.0,0.0,ADP
2023-03-22 00:00:00-04:00,216.19618031787624,216.80954116331233,210.85410065270838,210.97280883789062,1723100,0.0,0.0,ADP
2023-03-23 00:00:00-04:00,211.4080927966264,214.58367261381932,209.86482600514594,211.32894897460938,1893900,0.0,0.0,ADP
2023-03-24 00:00:00-04:00,211.62574166705957,212.18963575726139,209.1426664350287,211.83349609375,1720500,0.0,0.0,ADP
2023-03-27 00:00:00-04:00,212.6446886080068,213.99010340400952,211.80381379496802,212.06101989746094,1627100,0.0,0.0,ADP
2023-03-28 00:00:00-04:00,212.27868294610954,213.60430814572152,210.56724100645698,211.85328674316406,1130100,0.0,0.0,ADP
2023-03-29 00:00:00-04:00,213.7922643468818,218.38250067689629,212.69416826968381,217.54161071777344,1724400,0.0,0.0,ADP
2023-03-30 00:00:00-04:00,218.20443586211516,219.42124011894217,216.39406045334545,217.13601684570312,1408600,0.0,0.0,ADP
2023-03-31 00:00:00-04:00,218.5506577317859,220.38082274211672,217.45256174461545,220.24232482910156,1782800,0.0,0.0,ADP
2023-04-03 00:00:00-04:00,216.19619836121316,216.7007383806267,212.83266867578467,214.48475646972656,2592000,0.0,0.0,ADP
2023-04-04 00:00:00-04:00,213.84171937690664,214.64302983067375,209.91429583609926,211.74444580078125,2384900,0.0,0.0,ADP
2023-04-05 00:00:00-04:00,211.12120526483028,212.2588656055207,209.0536239036811,210.88377380371094,2223900,0.0,0.0,ADP
2023-04-06 00:00:00-04:00,210.89368262267536,214.04947296678452,210.3001265520702,213.79226684570312,1966600,0.0,0.0,ADP
2023-04-10 00:00:00-04:00,211.81371025388205,212.45673308543715,210.73540392613646,211.9225311279297,1181400,0.0,0.0,ADP
2023-04-11 00:00:00-04:00,212.04123683918246,213.14923529701767,211.00249488908622,212.90191650390625,1370800,0.0,0.0,ADP
2023-04-12 00:00:00-04:00,213.4855873805423,214.87056659784315,212.58534334172612,213.29762268066406,1654700,0.0,0.0,ADP
2023-04-13 00:00:00-04:00,213.55482413415703,215.3058453954347,212.17973226443323,214.92002868652344,1293900,0.0,0.0,ADP
2023-04-14 00:00:00-04:00,213.9010850457097,215.66199369487302,211.49713845917853,213.38665771484375,1224100,0.0,0.0,ADP
2023-04-17 00:00:00-04:00,213.91097299051145,215.88952339718168,213.4163353888439,215.82028198242188,1648300,0.0,0.0,ADP
2023-04-18 00:00:00-04:00,216.33468807707678,217.11622391880002,214.2967836312931,214.98928833007812,932100,0.0,0.0,ADP
2023-04-19 00:00:00-04:00,214.6034593988952,215.7806992884507,214.34625328413222,214.7122802734375,863000,0.0,0.0,ADP
2023-04-20 00:00:00-04:00,213.42623366277067,214.24733387703213,212.06102907819846,213.30751037597656,1117800,0.0,0.0,ADP
2023-04-21 00:00:00-04:00,213.66364751818782,213.66364751818782,211.51692220539752,212.90191650390625,1093000,0.0,0.0,ADP
2023-04-24 00:00:00-04:00,213.56472508834105,214.46495400622615,212.4864036981115,213.15911865234375,1332200,0.0,0.0,ADP
2023-04-25 00:00:00-04:00,212.57546816163466,212.57546816163466,209.37021095340242,209.419677734375,2161700,0.0,0.0,ADP
2023-04-26 00:00:00-04:00,200.95147736762883,210.3792688704953,199.29938958549934,208.5688934326172,3217600,0.0,0.0,ADP
2023-04-27 00:00:00-04:00,209.7164450066658,214.63314372206,209.13276119440062,213.8417205810547,2180900,0.0,0.0,ADP
2023-04-28 00:00:00-04:00,214.16819811322281,217.69990280411545,213.48559579524022,217.6405487060547,2427800,0.0,0.0,ADP
2023-05-01 00:00:00-04:00,216.87879043733867,220.1631912344565,216.5028761389168,218.74851989746094,1699700,0.0,0.0,ADP
2023-05-02 00:00:00-04:00,218.3726038488277,219.15412458192046,212.43695289980414,214.21763610839844,1775500,0.0,0.0,ADP
2023-05-03 00:00:00-04:00,215.71145739402584,217.25472426944754,213.6438758774709,213.6636505126953,1604900,0.0,0.0,ADP
2023-05-04 00:00:00-04:00,214.21763898854763,214.34624959128408,210.8244323960686,211.5169219970703,1241500,0.0,0.0,ADP
2023-05-05 00:00:00-04:00,212.8425437348215,215.21681316585403,211.6455292495683,213.16900634765625,1455100,0.0,0.0,ADP
2023-05-08 00:00:00-04:00,214.04946897314053,214.16819226115993,211.26960809221274,211.9720001220703,1001600,0.0,0.0,ADP
2023-05-09 00:00:00-04:00,211.6356236930372,211.962086301022,209.87471514946398,211.3685302734375,1204400,0.0,0.0,ADP
2023-05-10 00:00:00-04:00,212.73373283458685,213.66365393985723,209.78569695873477,212.7040557861328,1007900,0.0,0.0,ADP
2023-05-11 00:00:00-04:00,211.46746377835441,212.21932259999355,206.89701713161864,207.55982971191406,1935100,0.0,0.0,ADP
2023-05-12 00:00:00-04:00,208.49962884111704,210.66614387288476,208.48974152369414,210.45840454101562,1257000,0.0,0.0,ADP
2023-05-15 00:00:00-04:00,209.96377781915234,212.26879088978922,209.72634633244942,212.09071350097656,893400,0.0,0.0,ADP
2023-05-16 00:00:00-04:00,211.22014857000616,211.57628825601657,209.6175275305303,210.0626983642578,1706800,0.0,0.0,ADP
2023-05-17 00:00:00-04:00,211.44768722731982,212.6842812305075,210.0923699351298,211.6653289794922,1257300,0.0,0.0,ADP
2023-05-18 00:00:00-04:00,211.01239155825564,213.47567700970814,210.72549331277628,213.11953735351562,1598100,0.0,0.0,ADP
2023-05-19 00:00:00-04:00,214.31656918528736,215.20691078760296,212.95136463960526,213.8614959716797,1504200,0.0,0.0,ADP
2023-05-22 00:00:00-04:00,214.5342110261231,215.06841296873057,212.90191305607829,214.20774841308594,1521600,0.0,0.0,ADP
2023-05-23 00:00:00-04:00,213.68343679884697,214.1780743840295,212.73372599343443,213.23826599121094,1942900,0.0,0.0,ADP
2023-05-24 00:00:00-04:00,213.416321524692,213.67354272173992,211.61584862105977,211.7048797607422,1434100,0.0,0.0,ADP
2023-05-25 00:00:00-04:00,209.53837529116376,209.8252735491493,206.570549725236,208.14349365234375,2066000,0.0,0.0,ADP
2023-05-26 00:00:00-04:00,209.1426705350526,210.6760500912075,207.66864507478965,210.20118713378906,2143600,0.0,0.0,ADP
2023-05-30 00:00:00-04:00,210.37926832376115,210.71561826999664,205.4922464049996,207.8665008544922,1916600,0.0,0.0,ADP
2023-05-31 00:00:00-04:00,208.1929600283312,208.2523141243124,203.9588634367375,206.74862670898438,7408400,0.0,0.0,ADP
2023-06-01 00:00:00-04:00,208.13360689426005,209.89451552716662,206.4221650399469,209.5383758544922,1963200,0.0,0.0,ADP
2023-06-02 00:00:00-04:00,210.4188373708135,214.61336975970931,209.14267897222982,214.1978759765625,1449200,0.0,0.0,ADP
2023-06-05 00:00:00-04:00,214.72217839136871,214.93982013610008,213.29761973317827,213.92086791992188,1205400,0.0,0.0,ADP
2023-06-06 00:00:00-04:00,214.87055493208985,215.62241369078293,212.92168172096248,214.41549682617188,1252600,0.0,0.0,ADP
2023-06-07 00:00:00-04:00,213.93076522752702,214.30669463964392,212.41717535630315,214.14840698242188,1652500,0.0,0.0,ADP
2023-06-08 00:00:00-04:00,214.31756194457466,214.62601601001342,212.41706828503402,214.11856079101562,1338700,1.25,0.0,ADP
2023-06-09 00:00:00-04:00,213.26283895701752,214.60610811043875,212.41706508860025,214.14840698242188,1295900,0.0,0.0,ADP
2023-06-12 00:00:00-04:00,214.15834581223774,217.5115765970529,213.41208013111722,217.27276611328125,1348200,0.0,0.0,ADP
2023-06-13 00:00:00-04:00,217.83992076293254,219.51156378851775,217.45186321494538,219.3921661376953,1345100,0.0,0.0,ADP
2023-06-14 00:00:00-04:00,220.39713546576485,221.04389299558602,214.22800875114154,215.01406860351562,2116800,0.0,0.0,ADP
2023-06-15 00:00:00-04:00,215.23298020306163,220.456840213323,214.52652382785973,219.86978149414062,1911100,0.0,0.0,ADP
2023-06-16 00:00:00-04:00,221.18318914155495,221.6309606927272,219.64091889307815,220.21803283691406,3337400,0.0,0.0,ADP
2023-06-20 00:00:00-04:00,220.3672896326168,221.17325416782472,218.805099463138,219.18321228027344,1779400,0.0,0.0,ADP
2023-06-21 00:00:00-04:00,218.33742877559789,220.70558337584183,217.24291489540485,219.46180725097656,1602700,0.0,0.0,ADP
2023-06-22 00:00:00-04:00,219.05385706605568,221.16331181396762,217.7404373011434,219.3026123046875,1279700,0.0,0.0,ADP
2023-06-23 00:00:00-04:00,217.36231150114614,217.77027371201834,212.14841172774837,212.76531982421875,2189700,0.0,0.0,ADP
2023-06-26 00:00:00-04:00,211.85984699045858,215.22302247166195,211.76035401071786,214.466796875,1169600,0.0,0.0,ADP
2023-06-27 00:00:00-04:00,214.6359766743884,215.28273422138236,212.98423824682195,214.53646850585938,1313300,0.0,0.0,ADP
2023-06-28 00:00:00-04:00,214.07875218656676,215.4021318773653,212.665824253781,214.53646850585938,1725600,0.0,0.0,ADP
2023-06-29 00:00:00-04:00,215.0240245314241,218.38718487989644,213.22302393237422,215.38223266601562,1539700,0.0,0.0,ADP
2023-06-30 00:00:00-04:00,216.4369615656634,219.45187383330585,216.38720748153827,218.69564819335938,1781800,0.0,0.0,ADP
2023-07-03 00:00:00-04:00,217.13347495235328,218.1384406554296,215.17328244791358,217.64093017578125,848300,0.0,0.0,ADP
2023-07-05 00:00:00-04:00,217.02401473221477,219.1036048232485,216.13844671557078,218.60609436035156,1113000,0.0,0.0,ADP
2023-07-06 00:00:00-04:00,217.00411457845792,221.05385711846677,217.00411457845792,220.54638671875,1889300,0.0,0.0,ADP
2023-07-07 00:00:00-04:00,218.72550330894876,220.2478840837351,217.4319730918402,217.65087890625,1678400,0.0,0.0,ADP
2023-07-10 00:00:00-04:00,218.14839273642016,224.606068813007,218.11854332334,223.1433868408203,1788300,0.0,0.0,ADP
2023-07-11 00:00:00-04:00,223.72049743323143,225.51153810517405,222.50657071018222,225.25283813476562,1278200,0.0,0.0,ADP
2023-07-12 00:00:00-04:00,227.74039707563,227.82994531614605,223.2528429296735,223.86976623535156,1368800,0.0,0.0,ADP
2023-07-13 00:00:00-04:00,224.11852279195438,226.47671756967705,223.49165473901454,226.02896118164062,1192100,0.0,0.0,ADP
2023-07-14 00:00:00-04:00,226.06875185503367,228.56626410186726,225.4916378947283,228.32745361328125,1185500,0.0,0.0,ADP
2023-07-17 00:00:00-04:00,227.12346879173762,233.27270594690646,227.12346879173762,232.55628967285156,1700800,0.0,0.0,ADP
2023-07-18 00:00:00-04:00,232.2279362594622,235.909510695829,231.83987870070922,234.72543334960938,1718400,0.0,0.0,ADP
2023-07-19 00:00:00-04:00,234.00901135410055,237.34233749037026,233.93936778515797,236.1483154296875,1818800,0.0,0.0,ADP
2023-07-20 00:00:00-04:00,235.30254801232013,237.1433428273586,234.11847066259628,235.89956665039062,1453900,0.0,0.0,ADP
2023-07-21 00:00:00-04:00,237.5015517063629,238.6259302323115,236.34732376670016,236.50653076171875,4660700,0.0,0.0,ADP
2023-07-24 00:00:00-04:00,236.19807088375867,238.41696328450564,235.80005340601,238.30751037597656,1564600,0.0,0.0,ADP
2023-07-25 00:00:00-04:00,237.42193905477262,239.86969716465953,236.95427801419592,239.28262329101562,1936500,0.0,0.0,ADP
2023-07-26 00:00:00-04:00,242.78510465229618,254.87460276574996,242.78510465229618,252.18804931640625,3397900,0.0,0.0,ADP
2023-07-27 00:00:00-04:00,253.4815855711025,255.56117570090157,248.39702793820274,249.630859375,2677400,0.0,0.0,ADP
2023-07-28 00:00:00-04:00,252.80497700184645,253.7203944428558,248.31742285452836,249.36219787597656,1788600,0.0,0.0,ADP
2023-07-31 00:00:00-04:00,249.3522510732742,249.3522510732742,244.6159417305718,246.02886962890625,2052000,0.0,0.0,ADP
2023-08-01 00:00:00-04:00,246.0288679732518,247.53135928409347,243.80003082256917,247.08360290527344,1305500,0.0,0.0,ADP
2023-08-02 00:00:00-04:00,243.82987632618713,247.08359894365572,243.82987632618713,246.1283721923828,1809100,0.0,0.0,ADP
2023-08-03 00:00:00-04:00,246.7154284136965,247.5711469925647,244.88459360680162,246.7651824951172,1129000,0.0,0.0,ADP
2023-08-04 00:00:00-04:00,247.82986311280416,248.01890433044028,244.14827363266005,244.5363311767578,1237800,0.0,0.0,ADP
2023-08-07 00:00:00-04:00,245.66071166517744,249.77015287867567,245.15325646729835,249.57115173339844,1266800,0.0,0.0,ADP
2023-08-08 00:00:00-04:00,248.24778357436003,249.45175042775486,246.02887591267577,247.10350036621094,1068600,0.0,0.0,ADP
2023-08-09 00:00:00-04:00,247.56121402518326,250.04876638640332,247.07364829657084,249.06369018554688,1145000,0.0,0.0,ADP
2023-08-10 00:00:00-04:00,250.4169127919338,252.8646709324195,248.53632386286853,249.31243896484375,1153700,0.0,0.0,ADP
2023-08-11 00:00:00-04:00,249.01393662611218,252.1084523772987,248.83484014347826,251.5612030029297,926400,0.0,0.0,ADP
2023-08-14 00:00:00-04:00,251.88953698138513,253.0437648794309,249.74030335738593,250.70547485351562,1113200,0.0,0.0,ADP
2023-08-15 00:00:00-04:00,249.5213968046168,250.97411882474364,248.8746241061429,249.72039794921875,1092800,0.0,0.0,ADP
2023-08-16 00:00:00-04:00,249.67064624664255,251.72038690292263,249.10349221998155,249.65074157714844,1275300,0.0,0.0,ADP
2023-08-17 00:00:00-04:00,251.17311758947724,251.58107980087493,248.19801482625434,249.03382873535156,1394500,0.0,0.0,ADP
2023-08-18 00:00:00-04:00,247.91941413495678,250.50645939706473,247.39205426610033,249.8000030517578,2044300,0.0,0.0,ADP
2023-08-21 00:00:00-04:00,249.12338972651594,251.083582207397,248.66568859311673,249.85971069335938,1205300,0.0,0.0,ADP
2023-08-22 00:00:00-04:00,249.63085144398187,250.77511942049466,247.67065903128037,248.28756713867188,926100,0.0,0.0,ADP
2023-08-23 00:00:00-04:00,248.88459442887628,250.2676729384342,248.61593452189317,249.670654296875,1027800,0.0,0.0,ADP
2023-08-24 00:00:00-04:00,250.61591404525134,252.36716057993863,248.4368158030848,248.5562286376953,1132600,0.0,0.0,ADP
2023-08-25 00:00:00-04:00,250.1184112309741,252.88456825611,249.38210544530534,251.79005432128906,1039500,0.0,0.0,ADP
2023-08-28 00:00:00-04:00,253.6308225050946,254.5064457596282,252.0785923231953,253.1233673095703,813600,0.0,0.0,ADP
2023-08-29 00:00:00-04:00,252.61591134933184,254.327348514659,251.68058927260492,253.0835723876953,1139600,0.0,0.0,ADP
2023-08-30 00:00:00-04:00,253.51142798442396,254.91441112108006,252.37710474650962,253.66067504882812,1587500,0.0,0.0,ADP
2023-08-31 00:00:00-04:00,254.57611660234957,255.15321539354193,252.7353217683127,253.34228515625,2400100,0.0,0.0,ADP
2023-09-01 00:00:00-04:00,253.52138148275054,255.48158915410818,252.78507569584386,254.4766082763672,1491300,0.0,0.0,ADP
2023-09-05 00:00:00-04:00,253.61094047540408,254.29750734900338,249.07364744634822,251.59104919433594,1616500,0.0,0.0,ADP
2023-09-06 00:00:00-04:00,251.32238383284368,251.41193207106892,248.65571989300545,249.8000030517578,1311000,0.0,0.0,ADP
2023-09-07 00:00:00-04:00,250.80999755859375,251.58999633789062,249.80999755859375,250.1199951171875,1021600,1.25,0.0,ADP
2023-09-08 00:00:00-04:00,251.27999877929688,251.38999938964844,248.86000061035156,249.3699951171875,1191000,0.0,0.0,ADP
2023-09-11 00:00:00-04:00,249.27999877929688,249.88999938964844,246.88999938964844,248.1999969482422,1297200,0.0,0.0,ADP
2023-09-12 00:00:00-04:00,247.0500030517578,248.67999267578125,246.89999389648438,248.02000427246094,1303300,0.0,0.0,ADP
2023-09-13 00:00:00-04:00,247.44000244140625,249.1300048828125,246.9499969482422,247.80999755859375,1364400,0.0,0.0,ADP
2023-09-14 00:00:00-04:00,248.42999267578125,248.74000549316406,246.35000610351562,248.2899932861328,1350200,0.0,0.0,ADP
2023-09-15 00:00:00-04:00,248.44000244140625,248.91000366210938,244.69000244140625,245.30999755859375,2898800,0.0,0.0,ADP
2023-09-18 00:00:00-04:00,246.16000366210938,248.13999938964844,245.6999969482422,247.27999877929688,1218500,0.0,0.0,ADP
2023-09-19 00:00:00-04:00,246.44000244140625,247.0500030517578,243.97000122070312,245.83999633789062,1030700,0.0,0.0,ADP
2023-09-20 00:00:00-04:00,247.2100067138672,247.2100067138672,243.8000030517578,243.8699951171875,1364700,0.0,0.0,ADP
2023-09-21 00:00:00-04:00,242.6300048828125,243.08999633789062,238.6199951171875,238.72000122070312,1260100,0.0,0.0,ADP
2023-09-22 00:00:00-04:00,237.6199951171875,240.92999267578125,237.6199951171875,239.35000610351562,1026200,0.0,0.0,ADP
2023-09-25 00:00:00-04:00,239.86000061035156,240.52999877929688,238.0399932861328,240.02000427246094,1077200,0.0,0.0,ADP
2023-09-26 00:00:00-04:00,238.7899932861328,239.30999755859375,236.1300048828125,237.24000549316406,1557700,0.0,0.0,ADP
2023-09-27 00:00:00-04:00,238.0,243.60000610351562,236.8300018310547,242.6300048828125,2256300,0.0,0.0,ADP
2023-09-28 00:00:00-04:00,242.2899932861328,244.39999389648438,241.86000061035156,243.30999755859375,1391000,0.0,0.0,ADP
2023-09-29 00:00:00-04:00,244.0,244.0,239.6300048828125,240.5800018310547,1337000,0.0,0.0,ADP
2023-10-02 00:00:00-04:00,240.5800018310547,240.9499969482422,238.0500030517578,239.3699951171875,1206400,0.0,0.0,ADP
2023-10-03 00:00:00-04:00,238.91000366210938,240.55999755859375,238.27999877929688,240.4199981689453,1216600,0.0,0.0,ADP
2023-10-04 00:00:00-04:00,241.2899932861328,244.35000610351562,239.8800048828125,243.97999572753906,1388600,0.0,0.0,ADP
2023-10-05 00:00:00-04:00,244.50999450683594,244.9199981689453,241.10000610351562,243.36000061035156,935300,0.0,0.0,ADP
2023-10-06 00:00:00-04:00,242.14999389648438,247.64999389648438,240.27999877929688,246.3800048828125,1574900,0.0,0.0,ADP
2023-10-09 00:00:00-04:00,245.77999877929688,250.4199981689453,245.3000030517578,250.17999267578125,1022800,0.0,0.0,ADP
2023-10-10 00:00:00-04:00,250.17999267578125,251.3000030517578,247.69000244140625,249.14999389648438,1648900,0.0,0.0,ADP
2023-10-11 00:00:00-04:00,249.66000366210938,249.9199981689453,247.4199981689453,249.4600067138672,1134400,0.0,0.0,ADP
2023-10-12 00:00:00-04:00,250.61000061035156,250.82000732421875,246.3000030517578,247.64999389648438,1400800,0.0,0.0,ADP
2023-10-13 00:00:00-04:00,248.5,249.5399932861328,245.33999633789062,247.5,1443800,0.0,0.0,ADP
2023-10-16 00:00:00-04:00,248.91000366210938,250.11000061035156,247.6699981689453,249.25999450683594,1037900,0.0,0.0,ADP
2023-10-17 00:00:00-04:00,250.39999389648438,250.41000366210938,248.0500030517578,249.3300018310547,1054600,0.0,0.0,ADP
2023-10-18 00:00:00-04:00,249.57000732421875,250.33999633789062,247.85000610351562,248.25999450683594,1074800,0.0,0.0,ADP
2023-10-19 00:00:00-04:00,248.0800018310547,249.5,245.63999938964844,246.0800018310547,1156800,0.0,0.0,ADP
2023-10-20 00:00:00-04:00,246.3000030517578,246.60000610351562,241.4499969482422,241.67999267578125,1562200,0.0,0.0,ADP
2023-10-23 00:00:00-04:00,241.67999267578125,243.6300048828125,240.82000732421875,241.16000366210938,1162400,0.0,0.0,ADP
2023-10-24 00:00:00-04:00,241.00999450683594,242.5800018310547,237.9199981689453,240.4499969482422,1562100,0.0,0.0,ADP
2023-10-25 00:00:00-04:00,229.64999389648438,230.05999755859375,217.0,218.3300018310547,4914400,0.0,0.0,ADP
2023-10-26 00:00:00-04:00,218.3000030517578,222.4600067138672,217.1199951171875,218.83999633789062,2603800,0.0,0.0,ADP
2023-10-27 00:00:00-04:00,218.3300018310547,218.5800018310547,213.89999389648438,214.83999633789062,2070000,0.0,0.0,ADP
2023-10-30 00:00:00-04:00,215.67999267578125,217.11000061035156,213.25999450683594,216.0800018310547,1704200,0.0,0.0,ADP
2023-10-31 00:00:00-04:00,216.6699981689453,218.9499969482422,215.25,218.22000122070312,2557200,0.0,0.0,ADP
2023-11-01 00:00:00-04:00,215.0,215.0,205.52999877929688,210.3699951171875,3416600,0.0,0.0,ADP
2023-11-02 00:00:00-04:00,211.6300048828125,218.75,211.52000427246094,218.55999755859375,2262700,0.0,0.0,ADP
2023-11-03 00:00:00-04:00,221.02999877929688,222.32000732421875,216.4199981689453,219.30999755859375,2455300,0.0,0.0,ADP
2023-11-06 00:00:00-05:00,219.42999267578125,220.9600067138672,218.6300048828125,220.5399932861328,1127100,0.0,0.0,ADP
2023-11-07 00:00:00-05:00,221.02000427246094,223.41000366210938,219.2100067138672,222.25,1668400,0.0,0.0,ADP
2023-11-08 00:00:00-05:00,224.05999755859375,226.47000122070312,223.27999877929688,225.47999572753906,1389200,0.0,0.0,ADP
2023-11-09 00:00:00-05:00,226.42999267578125,227.11000061035156,225.3800048828125,226.52000427246094,1513200,0.0,0.0,ADP
2023-11-10 00:00:00-05:00,228.1199951171875,229.19000244140625,226.33999633789062,228.49000549316406,1429600,0.0,0.0,ADP
2023-11-13 00:00:00-05:00,227.4499969482422,227.52999877929688,226.08999633789062,226.35000610351562,1229200,0.0,0.0,ADP
2023-11-14 00:00:00-05:00,229.63999938964844,231.22000122070312,228.77999877929688,230.4199981689453,1297600,0.0,0.0,ADP
2023-11-15 00:00:00-05:00,230.44000244140625,232.47999572753906,230.1300048828125,230.4600067138672,1553600,0.0,0.0,ADP
2023-11-16 00:00:00-05:00,231.7100067138672,233.3000030517578,227.25,229.91000366210938,1588400,0.0,0.0,ADP
2023-11-17 00:00:00-05:00,230.9600067138672,230.9600067138672,228.0,229.38999938964844,1664600,0.0,0.0,ADP
2023-11-20 00:00:00-05:00,228.63999938964844,232.44000244140625,228.44000244140625,231.7100067138672,1403700,0.0,0.0,ADP
2023-11-21 00:00:00-05:00,231.80999755859375,232.14999389648438,230.07000732421875,231.2100067138672,1715600,0.0,0.0,ADP
2023-11-22 00:00:00-05:00,232.6999969482422,233.75,229.8000030517578,231.14999389648438,1439200,0.0,0.0,ADP
2023-11-24 00:00:00-05:00,231.52000427246094,231.97999572753906,229.10000610351562,230.66000366210938,659800,0.0,0.0,ADP
2023-11-27 00:00:00-05:00,230.1999969482422,230.3699951171875,228.19000244140625,229.16000366210938,1551600,0.0,0.0,ADP
